name,dept,adjustedcount,homepage,scholarid,profile_url
Luc Van Gool,ETH Zurich,113.469773,http://www.vision.ee.ethz.ch/en/members/get_member.cgi?id=1,TwMib_QAAAAJ,https://scholar.google.com/citations?user=TwMib_QAAAAJ
Dacheng Tao,Nanyang Technological University,92.59715,https://dr.ntu.edu.sg/cris/rp/rp02343,RwlJNLcAAAAJ,https://scholar.google.com/citations?user=RwlJNLcAAAAJ
Daniela Rus,Massachusetts Institute of Technology,87.955489,https://www.csail.mit.edu/user/876,910z20QAAAAJ,https://scholar.google.com/citations?user=910z20QAAAAJ
Michael I. Jordan,Univ. of California - Berkeley,83.93549900000001,http://www.cs.berkeley.edu/~jordan,yxUduqMAAAAJ,https://scholar.google.com/citations?user=yxUduqMAAAAJ
Sergey Levine,Univ. of California - Berkeley,80.00855,https://people.eecs.berkeley.edu/~svlevine,8R35rCwAAAAJ,https://scholar.google.com/citations?user=8R35rCwAAAAJ
Philip S. Yu,University of Illinois at Chicago,79.27663,https://www.cs.uic.edu/PSYu,D0lL1r0AAAAJ,https://scholar.google.com/citations?user=D0lL1r0AAAAJ
Jiawei Han 0001,Univ. of Illinois at Urbana-Champaign,78.736191,http://hanj.cs.illinois.edu,Kv9AbjMAAAAJ,https://scholar.google.com/citations?user=Kv9AbjMAAAAJ
Heng Huang,University of Maryland - College Park,74.73502,http://www.cs.umd.edu/~heng,4OqLaDwAAAAJ,https://scholar.google.com/citations?user=4OqLaDwAAAAJ
Trevor Darrell,Univ. of California - Berkeley,74.4200932,https://people.eecs.berkeley.edu/~trevor,bh-uRFMAAAAJ,https://scholar.google.com/citations?user=bh-uRFMAAAAJ
Vijay Kumar 0001,University of Pennsylvania,73.267579,http://www.kumarrobotics.org,FUOEBDUAAAAJ,https://scholar.google.com/citations?user=FUOEBDUAAAAJ
Dan Roth,University of Pennsylvania,72.813333,http://www.cis.upenn.edu/~danroth,WHOHV3AAAAAJ,https://scholar.google.com/citations?user=WHOHV3AAAAAJ
Tuomas Sandholm,Carnegie Mellon University,72.47024,http://www.cs.cmu.edu/~sandholm,0DpK1EMAAAAJ,https://scholar.google.com/citations?user=0DpK1EMAAAAJ
Dinesh Manocha,University of Maryland - College Park,72.22844,https://www.cs.unc.edu/~dm,X08l_4IAAAAJ,https://scholar.google.com/citations?user=X08l_4IAAAAJ
Eric P. Xing,MBZUAI,71.597056,http://www.cs.cmu.edu/~epxing,5pKTRxEAAAAJ,https://scholar.google.com/citations?user=5pKTRxEAAAAJ
David P. Woodruff,Carnegie Mellon University,71.47939,http://www.cs.cmu.edu/~dwoodruf,kMmxbbIAAAAJ,https://scholar.google.com/citations?user=kMmxbbIAAAAJ
Alan L. Yuille,Johns Hopkins University,69.798953,http://www.cs.jhu.edu/~ayuille,FJ-huxgAAAAJ,https://scholar.google.com/citations?user=FJ-huxgAAAAJ
Bernhard Schölkopf,Max Planck Society,69.5721162,,,
Moshe Y. Vardi,Rice University,69.055,http://www.cs.rice.edu/~vardi,DQaARsgAAAAJ,https://scholar.google.com/citations?user=DQaARsgAAAAJ
Hans-Peter Seidel,Max Planck Society,68.83736,,,
Pieter Abbeel,Univ. of California - Berkeley,68.74587,https://people.eecs.berkeley.edu/~pabbeel,vtwH6GkAAAAJ,https://scholar.google.com/citations?user=vtwH6GkAAAAJ
Yoshua Bengio,University of Montreal,67.657382,http://www.iro.umontreal.ca/~bengioy,kukA0LcAAAAJ,https://scholar.google.com/citations?user=kukA0LcAAAAJ
Martial Hebert,Carnegie Mellon University,67.246896,http://www.cs.cmu.edu/~./hebert,0ytii2EAAAAJ,https://scholar.google.com/citations?user=0ytii2EAAAAJ
Leonidas J. Guibas,Stanford University,63.72805,https://profiles.stanford.edu/leonidas-guibas,5JlEyTAAAAAJ,https://scholar.google.com/citations?user=5JlEyTAAAAAJ
Ming-Hsuan Yang 0001,Univ. of California - Merced,63.53789,https://faculty.ucmerced.edu/mhyang,p9-ohHsAAAAJ,https://scholar.google.com/citations?user=p9-ohHsAAAAJ
Mubarak Shah,University of Central Florida,63.36485,https://www.crcv.ucf.edu/person/mubarak-shah,p8gsO3gAAAAJ,https://scholar.google.com/citations?user=p8gsO3gAAAAJ
Tong Zhang 0001,HKUST,62.86042,http://tongzhang-ml.org,LurWtuYAAAAJ,https://scholar.google.com/citations?user=LurWtuYAAAAJ
Jitendra Malik,Univ. of California - Berkeley,62.36426,https://people.eecs.berkeley.edu/~malik,oY9R5YQAAAAJ,https://scholar.google.com/citations?user=oY9R5YQAAAAJ
Yoshihiko Nakamura,MBZUAI,62.05333,https://mbzuai.ac.ae/study/faculty/yoshihiko-nakamura,gkFd-RcAAAAJ,https://scholar.google.com/citations?user=gkFd-RcAAAAJ
Gerd Hirzinger,TU Munich,61.22246,http://www6.in.tum.de/Main/Hirzinge,NOSCHOLARPAGE,https://scholar.google.com/citations?user=NOSCHOLARPAGE
Daniel Klein 0001,Univ. of California - Berkeley,60.69991,https://www2.eecs.berkeley.edu/Faculty/Homepages/klein.html,jJRiZR8AAAAJ,https://scholar.google.com/citations?user=jJRiZR8AAAAJ
Song-Chun Zhu,Peking University,60.233447,http://www.stat.ucla.edu/~sczhu,Al8dyb4AAAAJ,https://scholar.google.com/citations?user=Al8dyb4AAAAJ
Kang G. Shin,University of Michigan,59.68037,http://web.eecs.umich.edu/~kgshin,vY7MdLYAAAAJ,https://scholar.google.com/citations?user=vY7MdLYAAAAJ
Yi Yang 0001,Zhejiang University,59.61605,https://person.zju.edu.cn/yiyang,RMSuNFwAAAAJ,https://scholar.google.com/citations?user=RMSuNFwAAAAJ
Zhi-Hua Zhou,Nanjing University,59.60358,https://cs.nju.edu.cn/zhouzh,rSVIHasAAAAJ,https://scholar.google.com/citations?user=rSVIHasAAAAJ
Lei Chen 0002,HKUST,59.581921,https://www.cse.ust.hk/~leichen,gtglwgYAAAAJ,https://scholar.google.com/citations?user=gtglwgYAAAAJ
Jon M. Kleinberg,Cornell University,59.09663,https://www.cs.cornell.edu/home/kleinber,VX7d5EQAAAAJ,https://scholar.google.com/citations?user=VX7d5EQAAAAJ
Michael J. Black,Max Planck Society,58.86784,,,
Gaurav S. Sukhatme,University of Southern California,58.123109,http://www-robotics.usc.edu/~gaurav,lRUi-A8AAAAJ,https://scholar.google.com/citations?user=lRUi-A8AAAAJ
Jun Zhu 0001,Tsinghua University,58.057359,http://ml.cs.tsinghua.edu.cn/~jun/index.shtml,axsP38wAAAAJ,https://scholar.google.com/citations?user=axsP38wAAAAJ
Andreas Krause 0001,ETH Zurich,57.99814,https://las.inf.ethz.ch/krausea,eDHv58AAAAAJ,https://scholar.google.com/citations?user=eDHv58AAAAAJ
Christopher D. Manning,Stanford University,57.83559,https://nlp.stanford.edu/~manning,1zmDOdwAAAAJ,https://scholar.google.com/citations?user=1zmDOdwAAAAJ
Mohit Bansal,University of North Carolina,56.97307,https://www.cs.unc.edu/~mbansal,DN8QtscAAAAJ,https://scholar.google.com/citations?user=DN8QtscAAAAJ
Pascal Fua,EPFL,56.92627,https://people.epfl.ch/pascal.fua/bio?lang=en,kzFmAkYAAAAJ,https://scholar.google.com/citations?user=kzFmAkYAAAAJ
Daniel Cremers,TU Munich,56.758199,http://vision.in.tum.de/members/cremers,cXQciMEAAAAJ,https://scholar.google.com/citations?user=cXQciMEAAAAJ
Mirella Lapata,University of Edinburgh,56.2285,http://homepages.inf.ed.ac.uk/mlap,j67B9Q4AAAAJ,https://scholar.google.com/citations?user=j67B9Q4AAAAJ
Daniel Cohen-Or,Tel Aviv University,55.40079,http://www.cs.tau.ac.il/~dcor,fAxws1sAAAAJ,https://scholar.google.com/citations?user=fAxws1sAAAAJ
Lior Wolf,Tel Aviv University,55.18135,http://www.cs.tau.ac.il/~wolf,UbFrXTsAAAAJ,https://scholar.google.com/citations?user=UbFrXTsAAAAJ
Masayuki Inaba,University of Tokyo,54.32154,http://www.jsk.t.u-tokyo.ac.jp/~inaba,NOSCHOLARPAGE,https://scholar.google.com/citations?user=NOSCHOLARPAGE
Vincent Conitzer,Carnegie Mellon University,54.107313,https://users.cs.duke.edu/~conitzer,juRk4lQAAAAJ,https://scholar.google.com/citations?user=juRk4lQAAAAJ
Xiaoou Tang,Chinese University of Hong Kong,53.94566,https://www.ie.cuhk.edu.hk/people/xotang.shtml,qpBtpGsAAAAJ,https://scholar.google.com/citations?user=qpBtpGsAAAAJ
Bernt Schiele,Max Planck Society,53.492180000000005,,,
Yun-Hui Liu 0001,Chinese University of Hong Kong,52.83067,https://www.cse.cuhk.edu.hk/people/faculty/yunhui-liu,NOSCHOLARPAGE,https://scholar.google.com/citations?user=NOSCHOLARPAGE
Howie Choset,Carnegie Mellon University,52.775529,http://www.cs.cmu.edu/~./choset,4fvo61oAAAAJ,https://scholar.google.com/citations?user=4fvo61oAAAAJ
Noah A. Smith,University of Washington,52.48421,https://www.cs.washington.edu/people/faculty/nasmith,TjdFs3EAAAAJ,https://scholar.google.com/citations?user=TjdFs3EAAAAJ
Nuno Vasconcelos,Univ. of California - San Diego,52.38602,http://www.svcl.ucsd.edu/~nuno,Fykyo9gAAAAJ,https://scholar.google.com/citations?user=Fykyo9gAAAAJ
Junchi Yan,Shanghai Jiao Tong University,51.614239,http://thinklab.sjtu.edu.cn,ga230VoAAAAJ,https://scholar.google.com/citations?user=ga230VoAAAAJ
In-So Kweon,KAIST,50.82341,http://rcv.kaist.ac.kr/v2/bbs/member_detail.php?mb_id=%20iskweon,XA8EOlEAAAAJ,https://scholar.google.com/citations?user=XA8EOlEAAAAJ
Christos Faloutsos,Carnegie Mellon University,50.425683,http://www.cs.cmu.edu/~christos,nd8lQQIAAAAJ,https://scholar.google.com/citations?user=nd8lQQIAAAAJ
Peter Stone 0001,University of Texas at Austin,50.24118,https://www.cs.utexas.edu/~pstone,qnwjcfAAAAAJ,https://scholar.google.com/citations?user=qnwjcfAAAAAJ
Yishay Mansour,Tel Aviv University,49.30344,http://www.tau.ac.il/~mansour,OEJUgwkAAAAJ,https://scholar.google.com/citations?user=OEJUgwkAAAAJ
Stefano Ermon,Stanford University,49.04622,https://cs.stanford.edu/~ermon,ogXTOZ4AAAAJ,https://scholar.google.com/citations?user=ogXTOZ4AAAAJ
Xiaogang Wang 0001,Chinese University of Hong Kong,48.974273,http://www.ee.cuhk.edu.hk/~xgwang,B5JgjsAAAAJ,https://scholar.google.com/citations?user=B5JgjsAAAAJ
Markus Gross 0001,ETH Zurich,48.934049,https://graphics.ethz.ch/~grossm,uxk0GmUAAAAJ,https://scholar.google.com/citations?user=uxk0GmUAAAAJ
Tat-Seng Chua,National University of Singapore,48.82902,http://www.comp.nus.edu.sg/~chuats,Z9DWCBEAAAAJ,https://scholar.google.com/citations?user=Z9DWCBEAAAAJ
Takeo Kanade,Carnegie Mellon University,48.5301,http://www.ri.cmu.edu/people/kanade_takeo.html,LQ87h3sAAAAJ,https://scholar.google.com/citations?user=LQ87h3sAAAAJ
Yue Zhang 0004,Westlake University,48.505845,https://frcchang.github.io,6hA7WmUAAAAJ,https://scholar.google.com/citations?user=6hA7WmUAAAAJ
H. V. Jagadish,University of Michigan,47.72283,http://web.eecs.umich.edu/~jag,SKVnHakAAAAJ,https://scholar.google.com/citations?user=SKVnHakAAAAJ
Mihaela van der Schaar,University of Cambridge,47.35962,https://www.vanderschaar-lab.com,DZ3S--MAAAAJ,https://scholar.google.com/citations?user=DZ3S--MAAAAJ
Dawn Song,Univ. of California - Berkeley,47.195208,https://www2.eecs.berkeley.edu/Faculty/Homepages/song.html,84WzBlYAAAAJ,https://scholar.google.com/citations?user=84WzBlYAAAAJ
Gregory Dudek,McGill University,47.03264,http://www.cim.mcgill.ca/~dudek,BSORuFoAAAAJ,https://scholar.google.com/citations?user=BSORuFoAAAAJ
Rama Chellappa,Johns Hopkins University,46.81804,https://engineering.jhu.edu/ece/faculty/rama-chellappa,mZxsTCcAAAAJ,https://scholar.google.com/citations?user=mZxsTCcAAAAJ
Shree K. Nayar,Columbia University,46.69567,http://www.cs.columbia.edu/~nayar,Yj7KQmQAAAAJ,https://scholar.google.com/citations?user=Yj7KQmQAAAAJ
Andrew McCallum,University of Massachusetts Amherst,46.344128,https://people.cs.umass.edu/~mccallum,yILa1y0AAAAJ,https://scholar.google.com/citations?user=yILa1y0AAAAJ
Mikkel Thorup,University of Copenhagen,46.32492,http://www.diku.dk/~mthorup,UPBuOPIAAAAJ,https://scholar.google.com/citations?user=UPBuOPIAAAAJ
Antonio Torralba 0001,Massachusetts Institute of Technology,46.316734,http://web.mit.edu/torralba/www,8cxDHS4AAAAJ,https://scholar.google.com/citations?user=8cxDHS4AAAAJ
Vincent Ng 0001,University of Texas at Dallas,46.10829,http://www.hlt.utdallas.edu/~vince,4UyniXYAAAAJ,https://scholar.google.com/citations?user=4UyniXYAAAAJ
Alberto L. Sangiovanni-Vincentelli,Univ. of California - Berkeley,45.96812,https://www2.eecs.berkeley.edu/Faculty/Homepages/sangiovanni-vicentelli.html,AhgjQ2QAAAAJ,https://scholar.google.com/citations?user=AhgjQ2QAAAAJ
Dan Boneh,Stanford University,45.563409,http://crypto.stanford.edu/~dabo,MwLqCs4AAAAJ,https://scholar.google.com/citations?user=MwLqCs4AAAAJ
William T. Freeman,Massachusetts Institute of Technology,45.308019,https://billf.mit.edu,0zZnyMEAAAAJ,https://scholar.google.com/citations?user=0zZnyMEAAAAJ
Jiaya Jia,HKUST,45.30654,https://cse.hkust.edu.hk/admin/people/faculty/profile/jia,XPAkzTEAAAAJ,https://scholar.google.com/citations?user=XPAkzTEAAAAJ
Masashi Sugiyama,University of Tokyo,45.202482,http://www.ms.k.u-tokyo.ac.jp/sugi,GkYIrlIAAAAJ,https://scholar.google.com/citations?user=GkYIrlIAAAAJ
Graham Neubig,Carnegie Mellon University,45.17512,http://www.phontron.com,wlosgkoAAAAJ,https://scholar.google.com/citations?user=wlosgkoAAAAJ
Rafail Ostrovsky,Univ. of California - Los Angeles,45.0119,http://www.cs.ucla.edu/~rafail,UvFrX04AAAAJ,https://scholar.google.com/citations?user=UvFrX04AAAAJ
Chunhua Shen,Zhejiang University,44.98207,https://cshen.github.io,Ljk2BvIAAAAJ,https://scholar.google.com/citations?user=Ljk2BvIAAAAJ
Piotr Indyk,Massachusetts Institute of Technology,44.79399,https://people.csail.mit.edu/indyk,oOwNKsAAAAAJ,https://scholar.google.com/citations?user=oOwNKsAAAAAJ
Shie Mannor,Technion,44.77761,http://shie.webee.eedev.technion.ac.il,q1HlbIUAAAAJ,https://scholar.google.com/citations?user=q1HlbIUAAAAJ
Hinrich Schütze,LMU Munich,44.7213,https://www.cis.uni-muenchen.de/schuetze,qIL9dWUAAAAJ,https://scholar.google.com/citations?user=qIL9dWUAAAAJ
Jean Ponce,Ecole Normale Superieure,44.271313,http://www.di.ens.fr/~ponce,vC2vywcAAAAJ,https://scholar.google.com/citations?user=vC2vywcAAAAJ
Mahmut T. Kandemir,Pennsylvania State University,44.233809,http://www.cse.psu.edu/~mtk2,j67v24EAAAAJ,https://scholar.google.com/citations?user=j67v24EAAAAJ
Nikolaos Papanikolopoulos,University of Minnesota,44.1396,http://www-users.cs.umn.edu/~npapas,wQdo-bMAAAAJ,https://scholar.google.com/citations?user=wQdo-bMAAAAJ
Pietro Perona,California Institute of Technology,44.137333,https://www.vision.caltech.edu/Perona.html,j29kMCwAAAAJ,https://scholar.google.com/citations?user=j29kMCwAAAAJ
Tommi S. Jaakkola,Massachusetts Institute of Technology,44.11937,https://people.csail.mit.edu/tommi,NOSCHOLARPAGE,https://scholar.google.com/citations?user=NOSCHOLARPAGE
Qiang Yang 0001,HKUST,44.021054,http://www.cs.ust.hk/~qyang,6vQP4KIAAAAJ,https://scholar.google.com/citations?user=6vQP4KIAAAAJ
Francis R. Bach,Ecole Normale Superieure,44.02022,http://www.di.ens.fr/~fbach,6PJWcFEAAAAJ,https://scholar.google.com/citations?user=6PJWcFEAAAAJ
Xiaojun Wan 0001,Peking University,43.97837,http://www.icst.pku.edu.cn/lcwm/wanxj,lTTeBdkAAAAJ,https://scholar.google.com/citations?user=lTTeBdkAAAAJ
Jan Peters 0001,TU Darmstadt,43.953969,https://www.ias.informatik.tu-darmstadt.de/Team/JanPeters,-kIVAcAAAAAJ,https://scholar.google.com/citations?user=-kIVAcAAAAAJ
Seth Hutchinson 0001,Georgia Institute of Technology,43.86071,https://www.cc.gatech.edu/~seth,-JPZ21IAAAAJ,https://scholar.google.com/citations?user=-JPZ21IAAAAJ
Quanquan Gu,Univ. of California - Los Angeles,43.476803,http://web.cs.ucla.edu/~qgu,GU9HgNAAAAAJ,https://scholar.google.com/citations?user=GU9HgNAAAAAJ
Li Fei-Fei 0001,Stanford University,43.4550732,http://vision.stanford.edu/feifeili,rDfyQnIAAAAJ,https://scholar.google.com/citations?user=rDfyQnIAAAAJ
Zhangyang Wang,University of Texas at Austin,43.425843,https://vita-group.github.io,pxFyKAIAAAAJ,https://scholar.google.com/citations?user=pxFyKAIAAAAJ
Kostas Daniilidis,University of Pennsylvania,43.42143,http://www.cis.upenn.edu/~kostas,dGs2BcIAAAAJ,https://scholar.google.com/citations?user=dGs2BcIAAAAJ
Xuemin Lin 0001,Shanghai Jiao Tong University,43.01976,https://www.acem.sjtu.edu.cn/en/faculty/linxuemin.html,j6rglkYAAAAJ,https://scholar.google.com/citations?user=j6rglkYAAAAJ
J. Zico Kolter,Carnegie Mellon University,43.00797,http://www.zicokolter.com,UXh1I6UAAAAJ,https://scholar.google.com/citations?user=UXh1I6UAAAAJ
Zhendong Su 0001,ETH Zurich,42.93923,http://web.cs.ucdavis.edu/~su,RivxoIcAAAAJ,https://scholar.google.com/citations?user=RivxoIcAAAAJ
Moni Naor,Weizmann Institute of Science,42.87602,https://www.weizmann.ac.il/pages/search/people?language=english&single=1&person_id=2337,stSUaHAAAAAJ,https://scholar.google.com/citations?user=stSUaHAAAAAJ
Abhinav Gupta 0001,Carnegie Mellon University,42.797313,http://www.cs.cmu.edu/~abhinavg,NOSCHOLARPAGE,https://scholar.google.com/citations?user=NOSCHOLARPAGE
Dahua Lin,Chinese University of Hong Kong,42.605145,http://dahualin.org,GMzzRRUAAAAJ,https://scholar.google.com/citations?user=GMzzRRUAAAAJ
Chen Change Loy,Nanyang Technological University,42.37814,http://personal.ie.cuhk.edu.hk/~ccloy,559LF80AAAAJ,https://scholar.google.com/citations?user=559LF80AAAAJ
Josep Torrellas,Univ. of Illinois at Urbana-Champaign,42.205629,http://iacoma.cs.uiuc.edu/josep/torrellas.html,zdnAkgsAAAAJ,https://scholar.google.com/citations?user=zdnAkgsAAAAJ
Max Welling,University of Amsterdam,42.19466,https://staff.fnwi.uva.nl/m.welling,8200InoAAAAJ,https://scholar.google.com/citations?user=8200InoAAAAJ
Raymond J. Mooney,University of Texas at Austin,42.09799,https://www.cs.utexas.edu/~mooney,p9RsPG4AAAAJ,https://scholar.google.com/citations?user=p9RsPG4AAAAJ
Deva Ramanan,Carnegie Mellon University,42.07627,http://www.cs.cmu.edu/~deva,9B8PoXUAAAAJ,https://scholar.google.com/citations?user=9B8PoXUAAAAJ
Lawrence Carin,Duke University,42.00461,https://ece.duke.edu/people/lawrence-carin,yuxwFscAAAAJ,https://scholar.google.com/citations?user=yuxwFscAAAAJ
Iryna Gurevych,TU Darmstadt,41.610209,https://www.ukp.tu-darmstadt.de/people/group-heads/prof-dr-iryna-gurevych,t3A39e8AAAAJ,https://scholar.google.com/citations?user=t3A39e8AAAAJ
Ian D. Reid 0001,MBZUAI,41.56944,https://mbzuai.ac.ae/study/faculty/ian-reid,ATkNLcQAAAAJ,https://scholar.google.com/citations?user=ATkNLcQAAAAJ
Xiangyu Zhang 0001,Purdue University,41.335208,https://www.cs.purdue.edu/homes/xyzhang,PXbu1wIAAAAJ,https://scholar.google.com/citations?user=PXbu1wIAAAAJ
David R. Karger,Massachusetts Institute of Technology,41.301539,http://people.csail.mit.edu/karger,2vQRGrYAAAAJ,https://scholar.google.com/citations?user=2vQRGrYAAAAJ
Yu Qiao 0001,Chinese Academy of Sciences,40.983317,http://mmlab.siat.ac.cn/yuqiao/index.html,gFtI-8QAAAAJ,https://scholar.google.com/citations?user=gFtI-8QAAAAJ
Christos H. Papadimitriou,Columbia University,40.83872,https://www.cs.berkeley.edu/~christos,rXYLXJMAAAAJ,https://scholar.google.com/citations?user=rXYLXJMAAAAJ
Mihir Bellare,Univ. of California - San Diego,40.8333,https://cseweb.ucsd.edu/~mihir,2pW1g5IAAAAJ,https://scholar.google.com/citations?user=2pW1g5IAAAAJ
Dimitris N. Metaxas,Rutgers University,40.77294,https://www.cs.rutgers.edu/~dnm,a7VNhCIAAAAJ,https://scholar.google.com/citations?user=a7VNhCIAAAAJ
Luke Zettlemoyer,University of Washington,40.40692,https://www.cs.washington.edu/people/faculty/lsz,UjpbO6IAAAAJ,https://scholar.google.com/citations?user=UjpbO6IAAAAJ
Christian Theobalt,Max Planck Society,40.336245,,,
Hwee Tou Ng,National University of Singapore,40.31651,https://www.comp.nus.edu.sg/~nght,FABZCeAAAAAJ,https://scholar.google.com/citations?user=FABZCeAAAAAJ
Amit Sahai,Univ. of California - Los Angeles,40.25201,http://www.cs.ucla.edu/~sahai,gqB23VMAAAAJ,https://scholar.google.com/citations?user=gqB23VMAAAAJ
Hal Daumé III,University of Maryland - College Park,40.024157,http://www.umiacs.umd.edu/~hal,PbEw81gAAAAJ,https://scholar.google.com/citations?user=PbEw81gAAAAJ
Moshe Tennenholtz,Technion,39.98433,https://web.iem.technion.ac.il/en/people/userprofile/Moshet.html,NOSCHOLARPAGE,https://scholar.google.com/citations?user=NOSCHOLARPAGE
Jason Cong,Univ. of California - Los Angeles,39.879092,http://vast.cs.ucla.edu/people/faculty/jason-cong,UVGe0gQAAAAJ,https://scholar.google.com/citations?user=UVGe0gQAAAAJ
Kyoung Mu Lee,Seoul National University,39.82509,https://cv.snu.ac.kr/~kmlee,Hofj9kAAAAAJ,https://scholar.google.com/citations?user=Hofj9kAAAAAJ
Martin T. Vechev,ETH Zurich,39.35939,http://www.srl.inf.ethz.ch/vechev.php,aZ1Rh50AAAAJ,https://scholar.google.com/citations?user=aZ1Rh50AAAAJ
Ken-ichi Kawarabayashi,National Institute of Informatics,39.25477,https://kklab.nii.ac.jp/en,NOSCHOLARPAGE,https://scholar.google.com/citations?user=NOSCHOLARPAGE
Brent Waters,University of Texas at Austin,39.24156,http://www.cs.utexas.edu/~bwaters,VEKxHOAAAAAJ,https://scholar.google.com/citations?user=VEKxHOAAAAAJ
Ion Stoica,Univ. of California - Berkeley,39.146759,http://www.cs.berkeley.edu/~istoica,vN-is70AAAAJ,https://scholar.google.com/citations?user=vN-is70AAAAJ
Joseph Y. Halpern,Cornell University,39.11656,https://www.cs.cornell.edu/home/halpern,FsBCAfgAAAAJ,https://scholar.google.com/citations?user=FsBCAfgAAAAJ
David A. Forsyth,Univ. of Illinois at Urbana-Champaign,39.099533,http://luthuli.cs.uiuc.edu/~daf,5H0arvkAAAAJ,https://scholar.google.com/citations?user=5H0arvkAAAAJ
Dan Suciu,University of Washington,39.05945,https://homes.cs.washington.edu/~suciu,SIxd6jgAAAAJ,https://scholar.google.com/citations?user=SIxd6jgAAAAJ
Regina Barzilay,Massachusetts Institute of Technology,38.86353,http://people.csail.mit.edu/regina,NOSCHOLARPAGE,https://scholar.google.com/citations?user=NOSCHOLARPAGE
René Vidal,University of Pennsylvania,38.8214,https://www.grasp.upenn.edu/people/rene-vidal,uT8fgagAAAAJ,https://scholar.google.com/citations?user=uT8fgagAAAAJ
Henrik I. Christensen,Univ. of California - San Diego,38.80834,http://www.hichristensen.net,MA8rI0MAAAAJ,https://scholar.google.com/citations?user=MA8rI0MAAAAJ
Yangsheng Xu,CUHK (SZ),38.7832,https://sse.cuhk.edu.cn/en/faculty/xuyangsheng,NOSCHOLARPAGE,https://scholar.google.com/citations?user=NOSCHOLARPAGE
Yejin Choi 0001,University of Washington,38.770601,http://homes.cs.washington.edu/~yejin,vhP-tlcAAAAJ,https://scholar.google.com/citations?user=vhP-tlcAAAAJ
Ariel D. Procaccia,Harvard University,38.7108,http://procaccia.info,8ZpV-lkAAAAJ,https://scholar.google.com/citations?user=8ZpV-lkAAAAJ
John F. Canny,Univ. of California - Berkeley,38.609859,https://www2.eecs.berkeley.edu/Faculty/Homepages/canny.html,LAv0HTEAAAAJ,https://scholar.google.com/citations?user=LAv0HTEAAAAJ
Leslie Pack Kaelbling,Massachusetts Institute of Technology,38.59628,http://people.csail.mit.edu/lpk,NOSCHOLARPAGE,https://scholar.google.com/citations?user=NOSCHOLARPAGE
Cho-Jui Hsieh,Univ. of California - Los Angeles,38.37036,http://web.cs.ucla.edu/~chohsieh,Wy89g4IAAAAJ,https://scholar.google.com/citations?user=Wy89g4IAAAAJ
Gerhard Weikum,Max Planck Society,38.02052,,,
Min Zhang 0005,Harbin Institute of Technology,38.01079,https://zhangminsuda.github.io/Pesonel-Information,CncXH-YAAAAJ,https://scholar.google.com/citations?user=CncXH-YAAAAJ
Dale Schuurmans,University of Alberta,38.00515,https://webdocs.cs.ualberta.ca/~dale,xaQuPloAAAAJ,https://scholar.google.com/citations?user=xaQuPloAAAAJ
Martin D. F. Wong,Hong Kong Baptist University,37.87386,https://www.hkbu.edu.hk/en/about/university-officers/professor-martin-wong.html,WPhoQiUAAAAJ,https://scholar.google.com/citations?user=WPhoQiUAAAAJ
Gregory D. Hager,Johns Hopkins University,37.796519,http://www.cs.jhu.edu/~hager,ivApfKcAAAAJ,https://scholar.google.com/citations?user=ivApfKcAAAAJ
Maxim Likhachev,Carnegie Mellon University,37.76395,https://www.ri.cmu.edu/ri-faculty/maxim-likhachev,Ic8NqXwAAAAJ,https://scholar.google.com/citations?user=Ic8NqXwAAAAJ
Venkatesan Guruswami,Univ. of California - Berkeley,37.54988,https://people.eecs.berkeley.edu/~venkatg,Es6jE1kAAAAJ,https://scholar.google.com/citations?user=Es6jE1kAAAAJ
Lei Zhang 0006,The Hong Kong Polytechnic University,37.20831,https://www4.comp.polyu.edu.hk/~cslzhang,tAK5l1IAAAAJ,https://scholar.google.com/citations?user=tAK5l1IAAAAJ
Maosong Sun 0001,Tsinghua University,37.139709,http://www.tsinghua.edu.cn/publish/csen/4623/2010/20101224193416561782037/20101224193416561782037_.html,zIgT0HMAAAAJ,https://scholar.google.com/citations?user=zIgT0HMAAAAJ
Ryan Cotterell,ETH Zurich,37.131409,https://ryancotterell.github.io,DexOqtoAAAAJ,https://scholar.google.com/citations?user=DexOqtoAAAAJ
Ivan Damgård,Aarhus University,36.85223,https://cs.au.dk/~ivan,-UhqXIEAAAAJ,https://scholar.google.com/citations?user=-UhqXIEAAAAJ
Thomas A. Henzinger,IST Austria,36.65229,http://pub.ist.ac.at/~tah,jpgplxUAAAAJ,https://scholar.google.com/citations?user=jpgplxUAAAAJ
Peter Wonka,KAUST,36.644119,https://www.kaust.edu.sa/en/study/faculty/peter-wonka,0EKXSXgAAAAJ,https://scholar.google.com/citations?user=0EKXSXgAAAAJ
Ravi Ramamoorthi,Univ. of California - San Diego,36.597019,https://cseweb.ucsd.edu/~ravir,q0MzO6cAAAAJ,https://scholar.google.com/citations?user=q0MzO6cAAAAJ
Alexei A. Efros,Univ. of California - Berkeley,36.42763,http://www.eecs.berkeley.edu/~efros,d97bGd8AAAAJ,https://scholar.google.com/citations?user=d97bGd8AAAAJ
Feiping Nie 0001,NWPU,36.39647,http://www.escience.cn/people/fpnie/index.html,2oB4nAIAAAAJ,https://scholar.google.com/citations?user=2oB4nAIAAAAJ
Hongyuan Zha,CUHK (SZ),36.34053,https://sds.cuhk.edu.cn/teacher/65,n1DQMIsAAAAJ,https://scholar.google.com/citations?user=n1DQMIsAAAAJ
Niloy J. Mitra,University College London,36.21678,http://www0.cs.ucl.ac.uk/staff/n.mitra,dPrZJWMAAAAJ,https://scholar.google.com/citations?user=dPrZJWMAAAAJ
Onur Mutlu,ETH Zurich,36.023274,https://people.inf.ethz.ch/omutlu,7XyGUGkAAAAJ,https://scholar.google.com/citations?user=7XyGUGkAAAAJ
Ronald S. Fearing,Univ. of California - Berkeley,35.96752,https://robotics.eecs.berkeley.edu/~ronf,mx9gMZ4AAAAJ,https://scholar.google.com/citations?user=mx9gMZ4AAAAJ
Claire Cardie,Cornell University,35.96302,http://www.cs.cornell.edu/home/cardie,ex9BQiIAAAAJ,https://scholar.google.com/citations?user=ex9BQiIAAAAJ
Hongdong Li,Australian National University,35.956402,http://users.cecs.anu.edu.au/~hongdong,Mq89JAcAAAAJ,https://scholar.google.com/citations?user=Mq89JAcAAAAJ
Sanjeev Khanna,University of Pennsylvania,35.833599,http://www.cis.upenn.edu/~sanjeev,HriWXcEAAAAJ,https://scholar.google.com/citations?user=HriWXcEAAAAJ
Martin C. Rinard,Massachusetts Institute of Technology,35.808299,http://people.csail.mit.edu/rinard,hxlxVEUAAAAJ,https://scholar.google.com/citations?user=hxlxVEUAAAAJ
Yun Fu 0001,Northeastern University,35.767920000000004,http://www1.ece.neu.edu/~yunfu,h-JEcQ8AAAAJ,https://scholar.google.com/citations?user=h-JEcQ8AAAAJ
Alex Aiken,Stanford University,35.732856,https://theory.stanford.edu/~aiken,3vKjkoQAAAAJ,https://scholar.google.com/citations?user=3vKjkoQAAAAJ
Bing Liu 0001,University of Illinois at Chicago,35.69639,https://www.cs.uic.edu/~liub,Kt1bjZoAAAAJ,https://scholar.google.com/citations?user=Kt1bjZoAAAAJ
Ji-Rong Wen,Renmin University of China,35.65866,http://info.ruc.edu.cn/academic_professor.php?teacher_id=64,tbxCHJgAAAAJ,https://scholar.google.com/citations?user=tbxCHJgAAAAJ
Csaba Szepesvári,University of Alberta,35.557629,https://www.ualberta.ca/~szepesva,zvC19mQAAAAJ,https://scholar.google.com/citations?user=zvC19mQAAAAJ
Stergios I. Roumeliotis,University of Minnesota,35.55386,http://www-users.cs.umn.edu/~stergios,c5HeXxsAAAAJ,https://scholar.google.com/citations?user=c5HeXxsAAAAJ
Kenneth Y. Goldberg,Univ. of California - Berkeley,35.36179,http://goldberg.berkeley.edu,8fztli4AAAAJ,https://scholar.google.com/citations?user=8fztli4AAAAJ
Leif Kobbelt,RWTH Aachen University,34.96647,https://www.graphics.rwth-aachen.de,eCsqoJgAAAAJ,https://scholar.google.com/citations?user=eCsqoJgAAAAJ
Gim Hee Lee,National University of Singapore,34.94288,https://sites.google.com/site/gimheelee,7hNKrPsAAAAJ,https://scholar.google.com/citations?user=7hNKrPsAAAAJ
Brad A. Myers,Carnegie Mellon University,34.93288,http://www.cs.cmu.edu/~bam,E1cp_aYAAAAJ,https://scholar.google.com/citations?user=E1cp_aYAAAAJ
Jeffrey Xu Yu,Chinese University of Hong Kong,34.784512,http://www.se.cuhk.edu.hk/people/yu.html,iHevumsAAAAJ,https://scholar.google.com/citations?user=iHevumsAAAAJ
Yuval Ishai,Technion,34.7205,http://www.cs.technion.ac.il/~yuvali,zc920lAAAAAJ,https://scholar.google.com/citations?user=zc920lAAAAAJ
Lydia E. Kavraki,Rice University,34.67763,http://www.cs.rice.edu/~kavraki,Q6pxNZYAAAAJ,https://scholar.google.com/citations?user=Q6pxNZYAAAAJ
Georg Gottlob,University of Oxford,34.676063,https://www.cs.ox.ac.uk/people/georg.gottlob,i72_SkUAAAAJ,https://scholar.google.com/citations?user=i72_SkUAAAAJ
James T. Kwok,HKUST,34.62568,http://www.cse.ust.hk/~jamesk,NOSCHOLARPAGE,https://scholar.google.com/citations?user=NOSCHOLARPAGE
Dit-Yan Yeung,HKUST,34.60827,https://www.cse.ust.hk/~dyyeung,nEsOOx8AAAAJ,https://scholar.google.com/citations?user=nEsOOx8AAAAJ
Chang Xu 0002,University of Sydney,34.60797,https://sydney.edu.au/engineering/about/our-people/academic-staff/c-xu.html,N4F_3eoAAAAJ,https://scholar.google.com/citations?user=N4F_3eoAAAAJ
Nassir Navab,TU Munich,34.58116,http://campar.in.tum.de/Main/NassirNavabCv,kzoVUPYAAAAJ,https://scholar.google.com/citations?user=kzoVUPYAAAAJ
Timothy M. Chan,Univ. of Illinois at Urbana-Champaign,34.54997,http://tmc.web.engr.illinois.edu,NOSCHOLARPAGE,https://scholar.google.com/citations?user=NOSCHOLARPAGE
Hui Xiong 0001,HKUST,34.53588,https://www.hkust-gz.edu.cn/people/hui-xiong,cVDF1tkAAAAJ,https://scholar.google.com/citations?user=cVDF1tkAAAAJ
Li-Chen Fu,National Taiwan University,34.48446,https://robotlab.csie.ntu.edu.tw,xJQGpUgAAAAJ,https://scholar.google.com/citations?user=xJQGpUgAAAAJ
David C. Parkes,Harvard University,34.46629,http://www.eecs.harvard.edu/~parkes,JUn8PgwAAAAJ,https://scholar.google.com/citations?user=JUn8PgwAAAAJ
Kwan-Liu Ma,Univ. of California - Davis,34.43755,http://www.cs.ucdavis.edu/~ma,LgL2HpkAAAAJ,https://scholar.google.com/citations?user=LgL2HpkAAAAJ
Hongsheng Li 0001,Chinese University of Hong Kong,34.42215,https://www.ee.cuhk.edu.hk/~hsli,BN2Ze-QAAAAJ,https://scholar.google.com/citations?user=BN2Ze-QAAAAJ
Beng Chin Ooi,National University of Singapore,34.414299,http://www.comp.nus.edu.sg/~ooibc,9560QjYAAAAJ,https://scholar.google.com/citations?user=9560QjYAAAAJ
Ming C. Lin,University of Maryland - College Park,34.3873,http://www.cs.umd.edu/~lin,ugFNit4AAAAJ,https://scholar.google.com/citations?user=ugFNit4AAAAJ
Michael K. Reiter,Duke University,34.26762,https://reitermk.github.io,qAKfQW0AAAAJ,https://scholar.google.com/citations?user=qAKfQW0AAAAJ
Liang Lin,Sun Yat-sen University,34.189339,http://www.linliang.net,Nav8m8gAAAAJ,https://scholar.google.com/citations?user=Nav8m8gAAAAJ
Zhiyuan Liu 0001,Tsinghua University,34.171362,http://nlp.csai.tsinghua.edu.cn/~lzy,dT0v5u0AAAAJ,https://scholar.google.com/citations?user=dT0v5u0AAAAJ
Toby Walsh,UNSW,34.16772,http://www.cse.unsw.edu.au/~tw,oOQ6x0IAAAAJ,https://scholar.google.com/citations?user=oOQ6x0IAAAAJ
Kathy McKeown,Columbia University,34.097087,http://www.cs.columbia.edu/~kathy,ujDhg2sAAAAJ,https://scholar.google.com/citations?user=ujDhg2sAAAAJ
Oded Goldreich 0001,Weizmann Institute of Science,34.05231,https://www.weizmann.ac.il/pages/search/people?language=english&single=1&person_id=1877,DLQW_LoAAAAJ,https://scholar.google.com/citations?user=DLQW_LoAAAAJ
Davide Scaramuzza 0001,University of Zurich,34.03217,http://rpg.ifi.uzh.ch,SC9wV2kAAAAJ,https://scholar.google.com/citations?user=SC9wV2kAAAAJ
Sham M. Kakade,Harvard University,33.93643,https://homes.cs.washington.edu/~sham,wb-DKCIAAAAJ,https://scholar.google.com/citations?user=wb-DKCIAAAAJ
Hujun Bao,Zhejiang University,33.78896,http://www.cad.zju.edu.cn/home/bao,NOSCHOLARPAGE,https://scholar.google.com/citations?user=NOSCHOLARPAGE
Volkan Cevher,EPFL,33.75355,https://people.epfl.ch/volkan.cevher,hlWhzU8AAAAJ,https://scholar.google.com/citations?user=hlWhzU8AAAAJ
Michael R. Lyu,Chinese University of Hong Kong,33.752463,http://www.cse.cuhk.edu.hk/lyu,uQnBgK0AAAAJ,https://scholar.google.com/citations?user=uQnBgK0AAAAJ
Fabio Ramos 0001,University of Sydney,33.69867,https://www.sydney.edu.au/engineering/about/our-people/academic-staff/fabio-ramos.html,NOSCHOLARPAGE,https://scholar.google.com/citations?user=NOSCHOLARPAGE
Maneesh Agrawala,Stanford University,33.662535,http://graphics.stanford.edu/~maneesh,YPzKczYAAAAJ,https://scholar.google.com/citations?user=YPzKczYAAAAJ
Martin Buss,TU Munich,33.62074,https://www.professoren.tum.de/buss-martin,lnXdaEwAAAAJ,https://scholar.google.com/citations?user=lnXdaEwAAAAJ
Kei Okada,University of Tokyo,33.61336,http://www.jsk.t.u-tokyo.ac.jp/~k-okada/index-e.html,D0I9x20AAAAJ,https://scholar.google.com/citations?user=D0I9x20AAAAJ
Frédo Durand,Massachusetts Institute of Technology,33.58255,http://people.csail.mit.edu/fredo,NJ9c4ygAAAAJ,https://scholar.google.com/citations?user=NJ9c4ygAAAAJ
Ramakant Nevatia,University of Southern California,33.54919,http://iris.usc.edu/people/nevatia,EUMYhUvzt6IC,https://scholar.google.com/citations?user=EUMYhUvzt6IC
Daniel Jurafsky,Stanford University,33.41781,http://web.stanford.edu/~jurafsky,uZg9l58AAAAJ,https://scholar.google.com/citations?user=uZg9l58AAAAJ
Alexander G. Schwing,Univ. of Illinois at Urbana-Champaign,33.340523,http://www.alexander-schwing.de,3B2c31wAAAAJ,https://scholar.google.com/citations?user=3B2c31wAAAAJ
James M. Rehg,Univ. of Illinois at Urbana-Champaign,33.166275,http://rehg.org,8kA3eDwAAAAJ,https://scholar.google.com/citations?user=8kA3eDwAAAAJ
Ping Luo 0002,University of Hong Kong,33.114221,http://luoping.me,aXdjxb4AAAAJ,https://scholar.google.com/citations?user=aXdjxb4AAAAJ
Benjamin Van Durme,Johns Hopkins University,33.042769,http://www.cs.jhu.edu/~vandurme,wIujAJoAAAAJ,https://scholar.google.com/citations?user=wIujAJoAAAAJ
Xuanjing Huang 0001,Fudan University,33.009293,http://www.cs.fudan.edu.cn/?page_id=1836,RGsMgZA4H78C,https://scholar.google.com/citations?user=RGsMgZA4H78C
Xiaodan Liang,Sun Yat-sen University,32.951923,https://www.cs.cmu.edu/~xiaodan1,voxznZAAAAAJ,https://scholar.google.com/citations?user=voxznZAAAAAJ
Tovi Grossman,University of Toronto,32.94427,http://www.tovigrossman.com,EZgkJ3sAAAAJ,https://scholar.google.com/citations?user=EZgkJ3sAAAAJ
Richard S. Zemel,Columbia University,32.92287,http://www.cs.toronto.edu/~zemel,iBeDoRAAAAAJ,https://scholar.google.com/citations?user=iBeDoRAAAAAJ
Jason Eisner,Johns Hopkins University,32.876917,http://www.cs.jhu.edu/~jason,tjb2UccAAAAJ,https://scholar.google.com/citations?user=tjb2UccAAAAJ
Adi Shamir,Weizmann Institute of Science,32.67612,https://www.weizmann.ac.il/pages/search/people?language=english&single=1&person_id=1486,EHLBP20AAAAJ,https://scholar.google.com/citations?user=EHLBP20AAAAJ
ChengXiang Zhai,Univ. of Illinois at Urbana-Champaign,32.56417,http://czhai.cs.illinois.edu,YU-baPIAAAAJ,https://scholar.google.com/citations?user=YU-baPIAAAAJ
Rajeev Alur,University of Pennsylvania,32.527348,https://www.cis.upenn.edu/~alur,kWnv_YkAAAAJ,https://scholar.google.com/citations?user=kWnv_YkAAAAJ
Tatsuya Harada,University of Tokyo,32.52643,http://www.mi.t.u-tokyo.ac.jp/harada,k8rlJ8AAAAAJ,https://scholar.google.com/citations?user=k8rlJ8AAAAAJ
Guoliang Li 0001,Tsinghua University,32.490024,http://dbgroup.cs.tsinghua.edu.cn/ligl,s9n7-fQAAAAJ,https://scholar.google.com/citations?user=s9n7-fQAAAAJ
David M. Blei,Columbia University,32.44283,http://www.cs.columbia.edu/~blei,8OYE6iEAAAAJ,https://scholar.google.com/citations?user=8OYE6iEAAAAJ
Stan Z. Li,Westlake University,32.303940000000004,https://www.westlake.edu.cn/info/1092/3905.htm,Y-nyLGIAAAAJ,https://scholar.google.com/citations?user=Y-nyLGIAAAAJ
Avrim Blum,TTI Chicago,32.26108,https://home.ttic.edu/~avrim,Jlv4MR4AAAAJ,https://scholar.google.com/citations?user=Jlv4MR4AAAAJ
Ravin Balakrishnan,University of Toronto,32.25445,http://www.dgp.toronto.edu/~ravin,WtijM48AAAAJ,https://scholar.google.com/citations?user=WtijM48AAAAJ
Stuart Russell 0001,Univ. of California - Berkeley,32.21234,http://www.cs.berkeley.edu/~russell,KJGrjCAAAAAJ,https://scholar.google.com/citations?user=KJGrjCAAAAAJ
Mehryar Mohri,New York University,32.21053,http://cs.nyu.edu/cs/faculty/mohri,ktwwLjsAAAAJ,https://scholar.google.com/citations?user=ktwwLjsAAAAJ
Andrew B. Kahng,Univ. of California - San Diego,32.18382,http://vlsicad.ucsd.edu/~abk,zCO_h3cAAAAJ,https://scholar.google.com/citations?user=zCO_h3cAAAAJ
Noam Nisan,Hebrew University of Jerusalem,32.18315,http://www.cs.huji.ac.il/~noam,zXQZPnMAAAAJ,https://scholar.google.com/citations?user=zXQZPnMAAAAJ
Ying Wu 0001,Northwestern University,32.12975,http://users.ece.northwestern.edu/~yingwu,zAlz89wAAAAJ,https://scholar.google.com/citations?user=zAlz89wAAAAJ
Sven Behnke,University of Bonn,32.12137,http://www.ais.uni-bonn.de/behnke,1xx3X_0AAAAJ,https://scholar.google.com/citations?user=1xx3X_0AAAAJ
Samuel Madden 0001,Massachusetts Institute of Technology,32.0348,http://db.csail.mit.edu/madden,a1ngrCIAAAAJ,https://scholar.google.com/citations?user=a1ngrCIAAAAJ
Bernard Ghanem,KAUST,32.00412,https://www.kaust.edu.sa/en/study/faculty/bernard-ghanem,rVsGTeEAAAAJ,https://scholar.google.com/citations?user=rVsGTeEAAAAJ
Yufei Tao 0001,Chinese University of Hong Kong,31.94988,http://www.cse.cuhk.edu.hk/~taoyf,3FmJBHkAAAAJ,https://scholar.google.com/citations?user=3FmJBHkAAAAJ
Rongrong Ji,Xiamen University,31.9295,https://mac.xmu.edu.cn/rrji,lRSD7PQAAAAJ,https://scholar.google.com/citations?user=lRSD7PQAAAAJ
Maarten de Rijke,University of Amsterdam,31.89941,https://staff.fnwi.uva.nl/m.derijke,AVDkgFIAAAAJ,https://scholar.google.com/citations?user=AVDkgFIAAAAJ
Sung Ju Hwang,KAIST,31.88611,http://www.sungjuhwang.com,RP4Qx3QAAAAJ,https://scholar.google.com/citations?user=RP4Qx3QAAAAJ
Jinwoo Shin,KAIST,31.83932,http://alinlab.kaist.ac.kr/shin.html,m3eDp7kAAAAJ,https://scholar.google.com/citations?user=m3eDp7kAAAAJ
Michael Beetz,University of Bremen,31.83697,https://ai.uni-bremen.de/team/michael_beetz,mINzfREAAAAJ,https://scholar.google.com/citations?user=mINzfREAAAAJ
Marc Toussaint,TU Berlin,31.796575,https://www.user.tu-berlin.de/mtoussai/index.html,t2X4Mg8AAAAJ,https://scholar.google.com/citations?user=t2X4Mg8AAAAJ
Steven M. LaValle,Univ. of Illinois at Urbana-Champaign,31.76219,http://oulu.cs.illinois.edu,72e5VYEAAAAJ,https://scholar.google.com/citations?user=72e5VYEAAAAJ
Timothy Roughgarden,Columbia University,31.68323,http://timroughgarden.org,0lcJYs8AAAAJ,https://scholar.google.com/citations?user=0lcJYs8AAAAJ
Michael J. Carey 0001,Univ. of California - Irvine,31.67485,http://www.ics.uci.edu/~mjcarey,B8tFrksAAAAJ,https://scholar.google.com/citations?user=B8tFrksAAAAJ
Thorsten Joachims,Cornell University,31.59989,http://www.cs.cornell.edu/people/tj,5tk1PV8AAAAJ,https://scholar.google.com/citations?user=5tk1PV8AAAAJ
Sanjoy K. Baruah,Washington University in St. Louis,31.5856,https://sites.wustl.edu/baruah,qC7oNRUAAAAJ,https://scholar.google.com/citations?user=qC7oNRUAAAAJ
Jian Pei 0001,Duke University,31.521195,https://sites.google.com/view/jpei/jian-peis-homepage,zIMEVKsAAAAJ,https://scholar.google.com/citations?user=zIMEVKsAAAAJ
Xilin Chen 0001,Chinese Academy of Sciences,31.47843,http://vipl.ict.ac.cn/view_people.php?url=xlchen&id=13,vVx2v20AAAAJ,https://scholar.google.com/citations?user=vVx2v20AAAAJ
Guang-Zhong Yang,Imperial College London,31.377662,http://www.imperial.ac.uk/people/g.z.yang,NOSCHOLARPAGE,https://scholar.google.com/citations?user=NOSCHOLARPAGE
Pradeep K. Khosla,Univ. of California - San Diego,31.36671,http://chancellor.ucsd.edu/chancellor-khosla,HtgKHRIAAAAJ,https://scholar.google.com/citations?user=HtgKHRIAAAAJ
Hanspeter Pfister,Harvard University,31.340974,https://www.seas.harvard.edu/directory/pfister,tvBEoaMAAAAJ,https://scholar.google.com/citations?user=tvBEoaMAAAAJ
Sven Koenig,Univ. of California - Irvine,31.2682,http://idm-lab.org,tpoh43QAAAAJ,https://scholar.google.com/citations?user=tpoh43QAAAAJ
Scott Shenker,Univ. of California - Berkeley,31.259608,https://www.eecs.berkeley.edu/Faculty/Homepages/shenker.html,GUAoEcAAAAAJ,https://scholar.google.com/citations?user=GUAoEcAAAAAJ
Steven C. H. Hoi,Singapore Management University,31.23367,https://www.smu.edu.sg/faculty/profile/110831/Steven-HOI,JoLjflYAAAAJ,https://scholar.google.com/citations?user=JoLjflYAAAAJ
Christian S. Jensen,Aalborg University,31.22498,http://people.cs.aau.dk/~csj,wo20cPYAAAAJ,https://scholar.google.com/citations?user=wo20cPYAAAAJ
Sami Haddadin,MBZUAI,31.190043,https://mbzuai.ac.ae/study/faculty/sami-haddadin,H1v0ztEAAAAJ,https://scholar.google.com/citations?user=H1v0ztEAAAAJ
Yiming Yang,Carnegie Mellon University,31.18386,http://www.cs.cmu.edu/~./yiming,MlZq4XwAAAAJ,https://scholar.google.com/citations?user=MlZq4XwAAAAJ
Pradeep Ravikumar,Carnegie Mellon University,31.16651,http://www.cs.cmu.edu/~pradeepr,Q4DTPw4AAAAJ,https://scholar.google.com/citations?user=Q4DTPw4AAAAJ
Le Song,MBZUAI,31.108696,http://www.cc.gatech.edu/~lsong,Xl4E0CsAAAAJ,https://scholar.google.com/citations?user=Xl4E0CsAAAAJ
Yang Liu 0003,Nanyang Technological University,31.049137,https://www3.ntu.edu.sg/home/yangliu,NOSCHOLARPAGE,https://scholar.google.com/citations?user=NOSCHOLARPAGE
Christopher Ré,Stanford University,31.019652,https://cs.stanford.edu/people/chrismre,DnnCWN0AAAAJ,https://scholar.google.com/citations?user=DnnCWN0AAAAJ
Roberto Navigli,Sapienza University of Rome,31.007119,http://wwwusers.di.uniroma1.it/~navigli,BsgVJ-EAAAAJ,https://scholar.google.com/citations?user=BsgVJ-EAAAAJ
William Yang Wang,Univ. of California - Santa Barbara,30.96062,http://www.cs.ucsb.edu/~william,gf8Ms_8AAAAJ,https://scholar.google.com/citations?user=gf8Ms_8AAAAJ
Enhong Chen,USTC,30.94126,http://staff.ustc.edu.cn/~cheneh,NOSCHOLARPAGE,https://scholar.google.com/citations?user=NOSCHOLARPAGE
Ziwei Liu 0002,Nanyang Technological University,30.925435,https://liuziwei7.github.io/index.html,lc45xlcAAAAJ,https://scholar.google.com/citations?user=lc45xlcAAAAJ
Torsten Hoefler,ETH Zurich,30.898279,https://htor.inf.ethz.ch,DdBvcBEAAAAJ,https://scholar.google.com/citations?user=DdBvcBEAAAAJ
Mihalis Yannakakis,Columbia University,30.88604,http://www.cs.columbia.edu/~mihalis,_pPy-pAAAAAJ,https://scholar.google.com/citations?user=_pPy-pAAAAAJ
Rüdiger Dillmann,Karlsruhe Institute of Technology,30.86898,http://his.anthropomatik.kit.edu/21_321.php,8q019n8AAAAJ,https://scholar.google.com/citations?user=8q019n8AAAAJ
Volkan Isler,University of Minnesota,30.83188,http://www-users.cs.umn.edu/~isler,Q5KT-hEAAAAJ,https://scholar.google.com/citations?user=Q5KT-hEAAAAJ
Pat Hanrahan,Stanford University,30.82646,https://graphics.stanford.edu/~hanrahan,RzEnQmgAAAAJ,https://scholar.google.com/citations?user=RzEnQmgAAAAJ
Matthias Nießner,TU Munich,30.798417,http://niessnerlab.org,eUtEs6YAAAAJ,https://scholar.google.com/citations?user=eUtEs6YAAAAJ
Kai-Wei Chang,Univ. of California - Los Angeles,30.783013,http://kwchang.net,fqDBtzYAAAAJ,https://scholar.google.com/citations?user=fqDBtzYAAAAJ
Nathan Srebro,TTI Chicago,30.75239,http://ttic.uchicago.edu/~nati,ZnT-QpMAAAAJ,https://scholar.google.com/citations?user=ZnT-QpMAAAAJ
Constantinos Daskalakis,Massachusetts Institute of Technology,30.72761,http://people.csail.mit.edu/costis,iTv2cOgAAAAJ,https://scholar.google.com/citations?user=iTv2cOgAAAAJ
Rajiv Gupta 0001,Univ. of California - Riverside,30.69985,http://www.cs.ucr.edu/~gupta,6P4bGWAAAAAJ,https://scholar.google.com/citations?user=6P4bGWAAAAAJ
Jiebo Luo 0001,University of Rochester,30.64932,http://www.cs.rochester.edu/u/jluo,CcbnBvgAAAAJ,https://scholar.google.com/citations?user=CcbnBvgAAAAJ
Wojciech Matusik,Massachusetts Institute of Technology,30.548021,http://people.csail.mit.edu/wojciech,wbIMbL8AAAAJ,https://scholar.google.com/citations?user=wbIMbL8AAAAJ
Chris Ding,CUHK (SZ),30.542816,https://sds.cuhk.edu.cn/teacher/197,q7FfnjgAAAAJ,https://scholar.google.com/citations?user=q7FfnjgAAAAJ
Uriel Feige,Weizmann Institute of Science,30.48445,https://www.weizmann.ac.il/pages/search/people?language=english&single=1&person_id=2304,NOSCHOLARPAGE,https://scholar.google.com/citations?user=NOSCHOLARPAGE
Tongliang Liu,University of Sydney,30.440783,https://www.sydney.edu.au/engineering/about/our-people/academic-staff/tongliang-liu.html,EiLdZ_YAAAAJ,https://scholar.google.com/citations?user=EiLdZ_YAAAAJ
Elias Bareinboim,Columbia University,30.38449,http://causalai.net,r5U-D7YAAAAJ,https://scholar.google.com/citations?user=r5U-D7YAAAAJ
Santosh S. Vempala,Georgia Institute of Technology,30.38324,http://www.cc.gatech.edu/~vempala,hRggMmIAAAAJ,https://scholar.google.com/citations?user=hRggMmIAAAAJ
Martin Grohe,RWTH Aachen University,30.35941,https://www.lics.rwth-aachen.de/cms/LICS/Der-Lehrstuhl/Team/Dozierende/~ocwf/Martin-Grohe,Sou5ih0AAAAJ,https://scholar.google.com/citations?user=Sou5ih0AAAAJ
Hong Zhang 0013,University of Alberta,30.29393,https://webdocs.cs.ualberta.ca/~zhang,NOSCHOLARPAGE,https://scholar.google.com/citations?user=NOSCHOLARPAGE
Leonid Libkin,University of Edinburgh,30.272949,http://homepages.inf.ed.ac.uk/libkin,4q-MIB0AAAAJ,https://scholar.google.com/citations?user=4q-MIB0AAAAJ
Chelsea Finn,Stanford University,30.268463,http://ai.stanford.edu/~cbfinn,vfPE6hgAAAAJ,https://scholar.google.com/citations?user=vfPE6hgAAAAJ
Serge J. Belongie,University of Copenhagen,30.091043,https://di.ku.dk/ai-centre,ORr4XJYAAAAJ,https://scholar.google.com/citations?user=ORr4XJYAAAAJ
Mohammad Hajiaghayi,University of Maryland - College Park,30.06748,http://www.cs.umd.edu/~hajiagha,SQ1eGN4AAAAJ,https://scholar.google.com/citations?user=SQ1eGN4AAAAJ
Edith Elkind,Northwestern University,30.03561,https://www.cs.ox.ac.uk/people/edith.elkind,MsGRzsoAAAAJ,https://scholar.google.com/citations?user=MsGRzsoAAAAJ
Shih-Fu Chang,Columbia University,30.024121,http://www.ee.columbia.edu/~sfchang,OMVTRscAAAAJ,https://scholar.google.com/citations?user=OMVTRscAAAAJ
Jonathan Katz,University of Maryland - College Park,29.9842,https://www.cs.umd.edu/~jkatz,H4rKFc8AAAAJ,https://scholar.google.com/citations?user=H4rKFc8AAAAJ
Tomás Lozano-Pérez,Massachusetts Institute of Technology,29.98085,http://people.csail.mit.edu/tlp,NOSCHOLARPAGE,https://scholar.google.com/citations?user=NOSCHOLARPAGE
Anupam Gupta 0001,New York University,29.958769,http://www.cs.cmu.edu/~anupamg,QuwaU-8AAAAJ,https://scholar.google.com/citations?user=QuwaU-8AAAAJ
Steven M. Seitz,University of Washington,29.95011,http://cs.washington.edu/homes/seitz,-6cOYcYAAAAJ,https://scholar.google.com/citations?user=-6cOYcYAAAAJ
Jing Xiao 0001,Worcester Polytechnic Institute,29.93329,https://users.wpi.edu/~jxiao2,NOSCHOLARPAGE,https://scholar.google.com/citations?user=NOSCHOLARPAGE
Wenfei Fan,University of Edinburgh,29.9302,http://homepages.inf.ed.ac.uk/wenfei,u0S6ofAAAAAJ,https://scholar.google.com/citations?user=u0S6ofAAAAAJ
Mark Johnson 0001,Macquarie University,29.91271,http://web.science.mq.edu.au/~mjohnson,Z_kok3sAAAAJ,https://scholar.google.com/citations?user=Z_kok3sAAAAJ
Bo An 0001,Nanyang Technological University,29.89448,https://www3.ntu.edu.sg/home/boan,CvdNmi0AAAAJ,https://scholar.google.com/citations?user=CvdNmi0AAAAJ
Nancy M. Amato,Univ. of Illinois at Urbana-Champaign,29.87893,https://parasollab.web.illinois.edu/people/amato,AmaB9c4AAAAJ,https://scholar.google.com/citations?user=AmaB9c4AAAAJ
Xiaokui Xiao,National University of Singapore,29.86108,http://www.comp.nus.edu.sg/~xiaoxk,BpgsGX0AAAAJ,https://scholar.google.com/citations?user=BpgsGX0AAAAJ
Jiajun Wu 0001,Stanford University,29.85185,https://jiajunwu.com,2efgcS0AAAAJ,https://scholar.google.com/citations?user=2efgcS0AAAAJ
Gao Cong,Nanyang Technological University,29.73333,https://www3.ntu.edu.sg/home/gaocong,WFFamJkAAAAJ,https://scholar.google.com/citations?user=WFFamJkAAAAJ
Shaogang Gong,Queen Mary University of London,29.70956,http://www.eecs.qmul.ac.uk/~sgg,Nhi0I8cAAAAJ,https://scholar.google.com/citations?user=Nhi0I8cAAAAJ
Oussama Khatib,Stanford University,29.70226,http://cs.stanford.edu/group/manips/people/oussama-khatib,4arkOLcAAAAJ,https://scholar.google.com/citations?user=4arkOLcAAAAJ
Jianwei Zhang 0001,University of Hamburg,29.69243,https://tams.informatik.uni-hamburg.de/people/zhang,NOSCHOLARPAGE,https://scholar.google.com/citations?user=NOSCHOLARPAGE
Alois C. Knoll,TU Munich,29.66708,http://www6.in.tum.de/Main/Knoll,NOSCHOLARPAGE,https://scholar.google.com/citations?user=NOSCHOLARPAGE
Shlomo Zilberstein,University of Massachusetts Amherst,29.63331,http://rbr.cs.umass.edu/shlomo,q_n7d6EAAAAJ,https://scholar.google.com/citations?user=q_n7d6EAAAAJ
Ran Raz,Princeton University,29.60935,https://www.cs.princeton.edu/people/profile/ranr,vmHFZM0AAAAJ,https://scholar.google.com/citations?user=vmHFZM0AAAAJ
Ueli Maurer,ETH Zurich,29.54998,https://www.crypto.ethz.ch/~maurer,TSsq3GMAAAAJ,https://scholar.google.com/citations?user=TSsq3GMAAAAJ
Ting Liu 0001,Harbin Institute of Technology,29.5029,http://ir.hit.edu.cn/~tliu,zyMJ1V0AAAAJ,https://scholar.google.com/citations?user=zyMJ1V0AAAAJ
Jeffrey Heer,University of Washington,29.49847,http://homes.cs.washington.edu/~jheer,vlgs4G4AAAAJ,https://scholar.google.com/citations?user=vlgs4G4AAAAJ
Wei-Shi Zheng 0001,Sun Yat-sen University,29.45395,http://www.isee-ai.cn/~zhwshi,AwqDDGoAAAAJ,https://scholar.google.com/citations?user=AwqDDGoAAAAJ
Rafael Pass,Cornell University,29.41666,,,
Kun Zhang 0001,MBZUAI,29.39728,https://mbzuai.ac.ae/study/faculty/kun-zhang,RGoypN4AAAAJ,https://scholar.google.com/citations?user=RGoypN4AAAAJ
Rupak Majumdar,Max Planck Society,29.37606,,,
Peter I. Corke,Queensland University of Technology,29.361616,https://research.qut.edu.au/qcr/people/peter-corke,wnePPc4AAAAJ,https://scholar.google.com/citations?user=wnePPc4AAAAJ
Moses Charikar,Stanford University,29.31768,https://profiles.stanford.edu/moses-charikar,zX3ba1kAAAAJ,https://scholar.google.com/citations?user=zX3ba1kAAAAJ
Haibin Ling,Stony Brook University,29.282969,https://www3.cs.stonybrook.edu/~hling,v3w4IYUAAAAJ,https://scholar.google.com/citations?user=v3w4IYUAAAAJ
Trevor Cohn,University of Melbourne,29.27615,http://people.eng.unimelb.edu.au/tcohn,FCom398AAAAJ,https://scholar.google.com/citations?user=FCom398AAAAJ
Alin Albu-Schäffer,TU Munich,29.26996,https://www.professoren.tum.de/en/albu-schaeffer-alin,yP_zL3gAAAAJ,https://scholar.google.com/citations?user=yP_zL3gAAAAJ
Bohyung Han,Seoul National University,29.2438,http://cvlab.snu.ac.kr/~bhhan,9aaeCToAAAAJ,https://scholar.google.com/citations?user=9aaeCToAAAAJ
Amnon Shashua,Hebrew University of Jerusalem,29.201919,http://www.cs.huji.ac.il/~shashua,dwi5wvYAAAAJ,https://scholar.google.com/citations?user=dwi5wvYAAAAJ
Tom M. Mitchell,Carnegie Mellon University,29.20069,http://www.cs.cmu.edu/~tom,_ZVyA_gAAAAJ,https://scholar.google.com/citations?user=_ZVyA_gAAAAJ
Tamim Asfour,Karlsruhe Institute of Technology,29.178406,http://h2t.anthropomatik.kit.edu,65bIT4oAAAAJ,https://scholar.google.com/citations?user=65bIT4oAAAAJ
Jianmin Wang 0001,Tsinghua University,29.17821,http://www.thss.tsinghua.edu.cn/publish/soften/3131/2010/20101219100058471372347/20101219100058471372347_.html,MiovcboAAAAJ,https://scholar.google.com/citations?user=MiovcboAAAAJ
Taiji Suzuki,University of Tokyo,29.16059,http://ibis.t.u-tokyo.ac.jp/suzuki,x8osrBsAAAAJ,https://scholar.google.com/citations?user=x8osrBsAAAAJ
Ilias Diakonikolas,University of Wisconsin - Madison,28.96915,http://www.iliasdiakonikolas.org,Vb3FLmkAAAAJ,https://scholar.google.com/citations?user=Vb3FLmkAAAAJ
Irwin King,Chinese University of Hong Kong,28.95989,https://www.cse.cuhk.edu.hk/irwin.king,MXvC7tkAAAAJ,https://scholar.google.com/citations?user=MXvC7tkAAAAJ
Minlie Huang,Tsinghua University,28.932559,https://coai.cs.tsinghua.edu.cn/hml,P1jPSzMAAAAJ,https://scholar.google.com/citations?user=P1jPSzMAAAAJ
Michael Kearns,University of Pennsylvania,28.93134,http://www.cis.upenn.edu/~mkearns,8iQk0DIAAAAJ,https://scholar.google.com/citations?user=8iQk0DIAAAAJ
Hai Jin 0001,HUST,28.844297,http://faculty.hust.edu.cn/jinhai/en/index.htm,o02W0aEAAAAJ,https://scholar.google.com/citations?user=o02W0aEAAAAJ
David Z. Pan,University of Texas at Austin,28.84036,http://users.ece.utexas.edu/~dpan,3aLlroEAAAAJ,https://scholar.google.com/citations?user=3aLlroEAAAAJ
David Eppstein,Univ. of California - Irvine,28.83329,https://www.ics.uci.edu/~eppstein,QSY7ufMAAAAJ,https://scholar.google.com/citations?user=QSY7ufMAAAAJ
Laks V. S. Lakshmanan,University of British Columbia,28.75109,https://www.cs.ubc.ca/~laks,_RCsaOsAAAAJ,https://scholar.google.com/citations?user=_RCsaOsAAAAJ
Yuan Xie 0001,HKUST,28.70933,https://seng.hkust.edu.hk/about/people/faculty/yuan-xie,dK2ZuDcAAAAJ,https://scholar.google.com/citations?user=dK2ZuDcAAAAJ
Kian-Lee Tan,National University of Singapore,28.69126,https://www.comp.nus.edu.sg/~tankl,NOSCHOLARPAGE,https://scholar.google.com/citations?user=NOSCHOLARPAGE
Sanjeev Arora,Princeton University,28.6901,https://www.cs.princeton.edu/~arora,RUP4S68AAAAJ,https://scholar.google.com/citations?user=RUP4S68AAAAJ
Xiaoming Liu 0002,Michigan State University,28.679829,https://www.cse.msu.edu/~liuxm,Bii0w1oAAAAJ,https://scholar.google.com/citations?user=Bii0w1oAAAAJ
Takeo Igarashi,University of Tokyo,28.67539,http://www-ui.is.s.u-tokyo.ac.jp/~takeo,2LJJtI8AAAAJ,https://scholar.google.com/citations?user=2LJJtI8AAAAJ
Scott E. Hudson,Carnegie Mellon University,28.64038,http://www.cs.cmu.edu/~hudson,6YU6_QoAAAAJ,https://scholar.google.com/citations?user=6YU6_QoAAAAJ
Andreas Geiger 0001,University of Tübingen,28.63482,http://www.cvlibs.net,SrVnrPcAAAAJ,https://scholar.google.com/citations?user=SrVnrPcAAAAJ
Pankaj K. Agarwal,Duke University,28.63436,https://users.cs.duke.edu/~pankaj,xe0eVksAAAAJ,https://scholar.google.com/citations?user=xe0eVksAAAAJ
Lirong Xia,Rutgers University,28.61667,https://people.cs.rutgers.edu/~lirong.xia,C19mgCgAAAAJ,https://scholar.google.com/citations?user=C19mgCgAAAAJ
Heng Ji 0001,Univ. of Illinois at Urbana-Champaign,28.599202,http://blender.cs.illinois.edu/hengji.html,z7GCqT4AAAAJ,https://scholar.google.com/citations?user=z7GCqT4AAAAJ
Stephan Günnemann,TU Munich,28.5845,http://www.kdd.in.tum.de/en/team/guennemann,npqoAWwAAAAJ,https://scholar.google.com/citations?user=npqoAWwAAAAJ
Peter K. Allen,Columbia University,28.58017,http://www.cs.columbia.edu/~allen,BDxQ5soAAAAJ,https://scholar.google.com/citations?user=BDxQ5soAAAAJ
Wangmeng Zuo,Harbin Institute of Technology,28.57222,http://homepage.hit.edu.cn/wangmengzuo,rUOpCEYAAAAJ,https://scholar.google.com/citations?user=rUOpCEYAAAAJ
Daniel D. Lee,Cornell University,28.56498,,,
Jeff A. Bilmes,University of Washington,28.5131,https://people.ece.uw.edu/bilmes,L9QufAsAAAAJ,https://scholar.google.com/citations?user=L9QufAsAAAAJ
John H. Reif,Duke University,28.49995,https://users.cs.duke.edu/~reif,Er-gEaoAAAAJ,https://scholar.google.com/citations?user=Er-gEaoAAAAJ
Divyakant Agrawal,Univ. of California - Santa Barbara,28.48687,https://www.cs.ucsb.edu/~agrawal,XcaEg-cAAAAJ,https://scholar.google.com/citations?user=XcaEg-cAAAAJ
Michael L. Littman,Brown University,28.44244,http://cs.brown.edu/~mlittman,Jj00ksMAAAAJ,https://scholar.google.com/citations?user=Jj00ksMAAAAJ
Michael Backes 0001,CISPA Helmholtz Center,28.404155,https://cispa.de/en/people/backes,ZVS3KOEAAAAJ,https://scholar.google.com/citations?user=ZVS3KOEAAAAJ
Bin Cui 0001,Peking University,28.402623,http://net.pku.edu.cn/~cuibin,IJAU8KoAAAAJ,https://scholar.google.com/citations?user=IJAU8KoAAAAJ
Timothy M. Hospedales,University of Edinburgh,28.3385,http://homepages.inf.ed.ac.uk/thospeda,nHhtvqkAAAAJ,https://scholar.google.com/citations?user=nHhtvqkAAAAJ
Zhouchen Lin,Peking University,28.33683,http://www.cis.pku.edu.cn/faculty/vision/zlin/zlin.htm,TanjFwoAAAAJ,https://scholar.google.com/citations?user=TanjFwoAAAAJ
Vern Paxson,Univ. of California - Berkeley,28.242816,http://www.icir.org/vern,HvwPRJ0AAAAJ,https://scholar.google.com/citations?user=HvwPRJ0AAAAJ
Hiroshi Ishiguro,Osaka University,28.17845,https://eng.irl.sys.es.osaka-u.ac.jp,BNhvcyYAAAAJ,https://scholar.google.com/citations?user=BNhvcyYAAAAJ
Sarit Kraus,Bar-Ilan University,28.15945,http://u.cs.biu.ac.il/~sarit,PfgeYGwAAAAJ,https://scholar.google.com/citations?user=PfgeYGwAAAAJ
Mario Fritz,CISPA Helmholtz Center,28.14828,https://cispa.saarland/people/gallery,4V1nNm4AAAAJ,https://scholar.google.com/citations?user=4V1nNm4AAAAJ
Shafiq R. Joty,Nanyang Technological University,28.03573,https://raihanjoty.github.io,hR249csAAAAJ,https://scholar.google.com/citations?user=hR249csAAAAJ
Gunhee Kim,Seoul National University,27.981239,https://vision.snu.ac.kr/gunhee,CiSdOV0AAAAJ,https://scholar.google.com/citations?user=CiSdOV0AAAAJ
Uri Zwick,Tel Aviv University,27.96654,http://www.math.tau.ac.il/~zwick,wwkJvoMAAAAJ,https://scholar.google.com/citations?user=wwkJvoMAAAAJ
Wei Lu 0011,SUTD,27.96433,http://statnlp.org,pPInY4UAAAAJ,https://scholar.google.com/citations?user=pPInY4UAAAAJ
Jimmy Lin,University of Waterloo,27.962527,https://cs.uwaterloo.ca/~jimmylin,0EWw1z8AAAAJ,https://scholar.google.com/citations?user=0EWw1z8AAAAJ
Ivan Titov,University of Edinburgh,27.91913,http://ivan-titov.org,FKUc3vsAAAAJ,https://scholar.google.com/citations?user=FKUc3vsAAAAJ
Jimeng Sun 0001,Univ. of Illinois at Urbana-Champaign,27.880229,http://sunlab.org,9jmmp5sAAAAJ,https://scholar.google.com/citations?user=9jmmp5sAAAAJ
Thomas Hofmann,ETH Zurich,27.837249,http://www.da.inf.ethz.ch/people/ThomasHofmann,T3hAyLkAAAAJ,https://scholar.google.com/citations?user=T3hAyLkAAAAJ
Adnan Darwiche,Univ. of California - Los Angeles,27.81662,http://www.cs.ucla.edu/~darwiche,pygPWvEAAAAJ,https://scholar.google.com/citations?user=pygPWvEAAAAJ
Srini Devadas,Massachusetts Institute of Technology,27.770683,https://people.csail.mit.edu/devadas,NOSCHOLARPAGE,https://scholar.google.com/citations?user=NOSCHOLARPAGE
Russ Tedrake,Massachusetts Institute of Technology,27.734779,https://groups.csail.mit.edu/locomotion/russt.html,nxNkEiYAAAAJ,https://scholar.google.com/citations?user=nxNkEiYAAAAJ
Huan Liu 0001,Arizona State University,27.72304,http://www.public.asu.edu/~huanliu,Dzf46C8AAAAJ,https://scholar.google.com/citations?user=Dzf46C8AAAAJ
Somesh Jha,University of Wisconsin - Madison,27.714633,http://pages.cs.wisc.edu/~jha,BaI7l8QAAAAJ,https://scholar.google.com/citations?user=BaI7l8QAAAAJ
Yong Li 0008,Tsinghua University,27.68553,http://fi.ee.tsinghua.edu.cn/~liyong,kmgzPeQAAAAJ,https://scholar.google.com/citations?user=kmgzPeQAAAAJ
Kasper Hornbæk,University of Copenhagen,27.68211,http://diku.dk/Ansatte/?pure=da/persons/141851,S6VMDA8AAAAJ,https://scholar.google.com/citations?user=S6VMDA8AAAAJ
Sunita Sarawagi,IIT Bombay,27.59279,https://www.cse.iitb.ac.in/~sunita,Hg4HmTAAAAAJ,https://scholar.google.com/citations?user=Hg4HmTAAAAAJ
Manmohan Krishna Chandraker,Univ. of California - San Diego,27.58699,http://cseweb.ucsd.edu/~mkchandraker,oPFCNk4AAAAJ,https://scholar.google.com/citations?user=oPFCNk4AAAAJ
Shiguang Shan,Chinese Academy of Sciences,27.55626,http://vipl.ict.ac.cn/view_people.php?id=12,Vkzd7MIAAAAJ,https://scholar.google.com/citations?user=Vkzd7MIAAAAJ
Daniel E. Koditschek,University of Pennsylvania,27.51785,http://www.seas.upenn.edu/~kod,K_PZFhEAAAAJ,https://scholar.google.com/citations?user=K_PZFhEAAAAJ
Carsten Rother,Heidelberg University,27.51655,https://hci.iwr.uni-heidelberg.de/vislearn/people/carsten-rother,N_YNMIMAAAAJ,https://scholar.google.com/citations?user=N_YNMIMAAAAJ
Tao Xiang 0002,University of Surrey,27.51308,http://www.eecs.qmul.ac.uk/~txiang,MeS5d4gAAAAJ,https://scholar.google.com/citations?user=MeS5d4gAAAAJ
Matthias Hein 0001,University of Tübingen,27.49995,https://uni-tuebingen.de/en/faculties/faculty-of-science/departments/computer-science/lehrstuehle/machine-learning/team/prof-dr-matthias-hein,0ZAb3tsAAAAJ,https://scholar.google.com/citations?user=0ZAb3tsAAAAJ
David Jacobs 0001,University of Maryland - College Park,27.480119,https://www.cs.umd.edu/~djacobs,WH2KmRgAAAAJ,https://scholar.google.com/citations?user=WH2KmRgAAAAJ
Kyunghyun Cho,New York University,27.437005,http://www.kyunghyuncho.me,0RAmmIAAAAAJ,https://scholar.google.com/citations?user=0RAmmIAAAAAJ
Robert D. Kleinberg,Cornell University,27.42888,http://www.cs.cornell.edu/~rdk,zkvW8FQAAAAJ,https://scholar.google.com/citations?user=zkvW8FQAAAAJ
Aaron C. Courville,University of Montreal,27.372559,https://aaroncourville.wordpress.com,km6CP8cAAAAJ,https://scholar.google.com/citations?user=km6CP8cAAAAJ
Stefanie Jegelka,Massachusetts Institute of Technology,27.29771,http://people.csail.mit.edu/stefje,gTWUZlsAAAAJ,https://scholar.google.com/citations?user=gTWUZlsAAAAJ
Junsong Yuan 0001,University at Buffalo,27.288799,https://cse.buffalo.edu/~jsyuan,fJ7seq0AAAAJ,https://scholar.google.com/citations?user=fJ7seq0AAAAJ
Thomas W. Reps,University of Wisconsin - Madison,27.24397,http://pages.cs.wisc.edu/~reps,pwhyTq0AAAAJ,https://scholar.google.com/citations?user=pwhyTq0AAAAJ
Oliver Brock,TU Berlin,27.21905,https://www.robotics.tu-berlin.de/menue/team/oliver_brock/parameter/de,83OxU_4AAAAJ,https://scholar.google.com/citations?user=83OxU_4AAAAJ
Jürgen Schmidhuber,KAUST,27.19832,https://cemse.kaust.edu.sa/people/person/jurgen-schmidhuber,gLnCTgIAAAAJ,https://scholar.google.com/citations?user=gLnCTgIAAAAJ
Tianbao Yang,Texas A&M University,27.19754,http://people.tamu.edu/~tianbao-yang,BCxFU0EAAAAJ,https://scholar.google.com/citations?user=BCxFU0EAAAAJ
Qifeng Chen,HKUST,27.182319,https://cqf.io,lLMX9hcAAAAJ,https://scholar.google.com/citations?user=lLMX9hcAAAAJ
Robert E. Tarjan,Princeton University,27.17774,https://www.cs.princeton.edu/~ret,lazJixIAAAAJ,https://scholar.google.com/citations?user=lazJixIAAAAJ
Horst Bischof,Graz University of Technology,27.10452,https://www.tugraz.at/institute/icg/research/team-bischof/people/team-about/horst-bischof,_pq05Q4AAAAJ,https://scholar.google.com/citations?user=_pq05Q4AAAAJ
